{
   "gauges": {
      "Frees": 17,
      "GetSet133": 583756.2214522966,
      "NextGC": 4194304,
      "NumForcedGC": 0,
      "NumGC": 0,
      "OtherSys": 695395,
      "PauseTotalNs": 0,
      "RandomValue": 0.4369686885919827,
      "StackInuse": 163840,
      "StackSys": 163840,
      "Sys": 6574080
   },
   "counters": {
      "GetSet252": 3766949583,
      "PollCount": 5
   }
}