{
   "gauges": {
      "Alloc": 1959256,
      "BuckHashSys": 5487,
      "Frees": 6536,
      "GCCPUFraction": 0.00015970669254617277,
      "GCSys": 2307944,
      "GetSet142": 455942.94369074685,
      "GetSet146": 560131.975715163,
      "GetSet35": 975145.830556123,
      "GetSet67": 805007.9990405268,
      "GetSet95": 550595.9981532252,
      "HeapAlloc": 1959256,
      "HeapIdle": 5103616,
      "HeapInuse": 2834432,
      "HeapObjects": 1007,
      "HeapReleased": 2768896,
      "HeapSys": 4030464,
      "LastGC": 1742917222281071600,
      "Lookups": 0,
      "MCacheInuse": 9344,
      "MCacheSys": 16352,
      "MSpanInuse": 34720,
      "MSpanSys": 97920,
      "Mallocs": 7543,
      "NextGC": 4194304,
      "NumForcedGC": 0,
      "NumGC": 0,
      "OtherSys": 928857,
      "PauseTotalNs": 0,
      "RandomValue": 0.03948454251752736,
      "StackInuse": 163840,
      "StackSys": 163840,
      "Sys": 6836224,
      "TotalAlloc": 665472
   },
   "counters": {
      "GetSet132": 3201690056,
      "GetSet162": 2097330718,
      "GetSet181": 3091992782,
      "GetSet226": 1369827716,
      "GetSet65": 1053734599,
      "PollCount": 5,
      "testSetGet103": 666
   }
}